{"nodes":{"node:1":{"location":{"x":0,"y":0}},"node:2":{"location":{"x":-595,"y":-50}}},"selection":null,"view":{"scroll":{"x":-808.7020263671875,"y":-222.90240478515625},"visible_rect":{"max":{"x":1234.9453125,"y":800.83526611328125},"min":{"x":-1386.513427734375,"y":-382.164459228515625}},"zoom":0.583263039588928223}}