{"nodes":{"node:1":{"location":{"x":0,"y":0}},"node:2":{"location":{"x":-739,"y":-8}}},"selection":null,"view":{"scroll":{"x":-1150.75927734375,"y":-150.881912231445312},"visible_rect":{"max":{"x":406.086578369140625,"y":538.01007080078125},"min":{"x":-1235.4774169921875,"y":-161.98974609375}},"zoom":0.931428790092468262}}