{"nodes":{"node:1":{"location":{"x":0,"y":0}},"node:2":{"location":{"x":-371,"y":-8}}},"selection":null,"view":{"scroll":{"x":-704.1385498046875,"y":-185.461563110351562},"visible_rect":{"max":{"x":1072.31982421875,"y":668.89996337890625},"min":{"x":-915.38006591796875,"y":-241.100021362304688}},"zoom":0.769230782985687256}}