{"nodes":{"node:1":{"location":{"x":168,"y":90}},"node:2":{"location":{"x":-391,"y":-72}},"node:3":{"location":{"x":-391,"y":144}},"node:4":{"location":{"x":-392,"y":560}},"node:5":{"location":{"x":-391,"y":348}}},"selection":null,"view":{"scroll":{"x":-991.34979248046875,"y":117.939994812011719},"visible_rect":{"max":{"x":548.22381591796875,"y":785.0819091796875},"min":{"x":-1010.84600830078125,"y":120.259437561035156}},"zoom":0.980712950229644775}}