{"nodes":{"node:1":{"location":{"x":968,"y":174}},"node:2":{"location":{"x":-519,"y":-16}},"node:3":{"location":{"x":-520,"y":400}},"node:4":{"location":{"x":-519,"y":192}},"node:5":{"location":{"x":-535,"y":624}},"node:6":{"location":{"x":237,"y":860}},"node:7":{"location":{"x":-35,"y":302}},"node:9":{"location":{"x":296,"y":218}}},"selection":null,"view":{"scroll":{"x":-183.489288330078125,"y":96.019378662109375},"visible_rect":{"max":{"x":1250.764892578125,"y":684.40093994140625},"min":{"x":-160.996307373046875,"y":84.248870849609375}},"zoom":1.13971114158630371}}