{"nodes":{"node:1":{"location":{"x":0,"y":0}}},"selection":null,"view":{"scroll":{"x":-736.802001953125,"y":-133.2314453125},"visible_rect":{"max":{"x":792.197998046875,"y":518.7685546875},"min":{"x":-736.802001953125,"y":-133.2314453125}},"zoom":1}}