{"nodes":{"node:1":{"location":{"x":0,"y":0}},"node:2":{"location":{"x":-835,"y":-20}},"node:3":{"location":{"x":-403,"y":0}}},"selection":null,"view":{"scroll":{"x":-334.13848876953125,"y":-1641.4615478515625},"visible_rect":{"max":{"x":1553.3199462890625,"y":-1223.9000244140625},"min":{"x":-434.3800048828125,"y":-2133.89990234375}},"zoom":0.769230782985687256}}