{"nodes":{"node:1":{"location":{"x":376,"y":84}},"node:2":{"location":{"x":-108,"y":78}}},"selection":null,"view":{"scroll":{"x":-517.28057861328125,"y":-91.4343719482421875},"visible_rect":{"max":{"x":1315.2352294921875,"y":791.13525390625},"min":{"x":-672.4647216796875,"y":-118.864677429199219}},"zoom":0.769230782985687256}}