{"nodes":{"node:1":{"location":{"x":-40,"y":40}}},"selection":null,"view":{"scroll":{"x":-484.1326904296875,"y":-237.129714965820312},"visible_rect":{"max":{"x":489.941253662109375,"y":1104.4437255859375},"min":{"x":-859.8212890625,"y":-421.143157958984375}},"zoom":0.563062012195587158}}