{"nodes":{"node:1":{"location":{"x":0,"y":0}},"node:2":{"location":{"x":-775,"y":-8}},"node:3":{"location":{"x":-759,"y":208}},"node:4":{"location":{"x":-551,"y":408}}},"selection":null,"view":{"scroll":{"x":-928.164794921875,"y":150.6099853515625},"visible_rect":{"max":{"x":612.65478515625,"y":818.39886474609375},"min":{"x":-946.423583984375,"y":153.572769165039062}},"zoom":0.98070758581161499}}