{"nodes":{"node:1":{"location":{"x":-40,"y":40}},"node:2":{"location":{"x":-519,"y":-16}},"node:3":{"location":{"x":0,"y":0}},"node:4":{"location":{"x":0,"y":0}}},"selection":null,"view":{"scroll":{"x":-1008.8779296875,"y":-228.40643310546875},"visible_rect":{"max":{"x":686.5286865234375,"y":518.9027099609375},"min":{"x":-1154.137939453125,"y":-261.29278564453125}},"zoom":0.874139845371246338}}