{"nodes":{"node:1":{"location":{"x":0,"y":0}},"node:2":{"location":{"x":-835,"y":-20}},"node:3":{"location":{"x":-423,"y":0}}},"selection":null,"view":{"scroll":{"x":-1001.27032470703125,"y":-254.045272827148438},"visible_rect":{"max":{"x":646.94146728515625,"y":617.79583740234375},"min":{"x":-1227.4527587890625,"y":-311.432952880859375}},"zoom":0.81573021411895752}}