{"nodes":{"node:1":{"location":{"x":0,"y":0}}},"selection":null,"view":{"scroll":{"x":-793.923095703125,"y":-137.846115112304688},"visible_rect":{"max":{"x":955.59991455078125,"y":668.4000244140625},"min":{"x":-1032.0999755859375,"y":-179.199935913085938}},"zoom":0.769230782985687256}}