{"nodes":{"node:1":{"location":{"x":968,"y":174}},"node:2":{"location":{"x":632,"y":168}}},"selection":null,"view":{"scroll":{"x":-82.1222381591796875,"y":64.7889556884765625},"visible_rect":{"max":{"x":1517.1505126953125,"y":664.52825927734375},"min":{"x":-81.59906005859375,"y":64.3762054443359375}},"zoom":1.00641155242919922}}