{"nodes":{"node:1":{"location":{"x":-40,"y":40}}},"selection":null,"view":{"scroll":{"x":-888.7510986328125,"y":-191.857131958007812},"visible_rect":{"max":{"x":1581.0120849609375,"y":1104.444580078125},"min":{"x":-1950.8897705078125,"y":-421.1439208984375}},"zoom":0.455561906099319458}}