{"nodes":{"node:1":{"location":{"x":248,"y":0}},"node:2":{"location":{"x":-499,"y":-2}},"node:3":{"location":{"x":-115,"y":168}}},"selection":null,"view":{"scroll":{"x":-838.1973876953125,"y":-109.998123168945312},"visible_rect":{"max":{"x":749.195556640625,"y":557.91156005859375},"min":{"x":-814.70111083984375,"y":-106.914665222167969}},"zoom":1.02884030342102051}}