{"nodes":{"node:1":{"location":{"x":-40,"y":40}}},"selection":null,"view":{"scroll":{"x":-962.16204833984375,"y":-117.816543579101562},"visible_rect":{"max":{"x":803.2822265625,"y":735.749755859375},"min":{"x":-1363.50732421875,"y":-166.961181640625}},"zoom":0.705652296543121338}}