{"nodes":{"node:1":{"location":{"x":488,"y":268}},"node:2":{"location":{"x":-547,"y":426}},"node:3":{"location":{"x":-135,"y":-32}},"node:4":{"location":{"x":232,"y":248}},"node:5":{"location":{"x":-151,"y":536}},"node:6":{"location":{"x":68,"y":536}}},"selection":["node:3"],"view":{"scroll":{"x":-469.076904296875,"y":-95.77880859375},"visible_rect":{"max":{"x":609.923095703125,"y":570.22119140625},"min":{"x":-469.076904296875,"y":-95.77880859375}},"zoom":1}}