{"nodes":{"node:1":{"location":{"x":488,"y":268}},"node:2":{"location":{"x":-547,"y":426}}},"selection":null,"view":{"scroll":{"x":-344.592254638671875,"y":43.5766258239746094},"visible_rect":{"max":{"x":886.81256103515625,"y":745.12359619140625},"min":{"x":-356.82623291015625,"y":45.12371826171875}},"zoom":0.965714454650878906}}