{"nodes":{"node:1":{"location":{"x":376,"y":360}},"node:2":{"location":{"x":-163,"y":360}}},"selection":null,"view":{"scroll":{"x":-219.204788208007812,"y":71.3627166748046875},"visible_rect":{"max":{"x":1022.08795166015625,"y":1120.709716796875},"min":{"x":-340.085296630859375,"y":110.7156982421875}},"zoom":0.644558250904083252}}