{"nodes":{"node:1":{"location":{"x":488,"y":268}},"node:2":{"location":{"x":-547,"y":426}},"node:3":{"location":{"x":-135,"y":-32}},"node:4":{"location":{"x":232,"y":248}},"node:5":{"location":{"x":-151,"y":536}},"node:6":{"location":{"x":68,"y":536}}},"selection":["node:3"],"view":{"scroll":{"x":-272.00689697265625,"y":45.1239013671875},"visible_rect":{"max":{"x":801.99310302734375,"y":745.1239013671875},"min":{"x":-272.00689697265625,"y":45.1239013671875}},"zoom":1}}