{"nodes":{"node:1":{"location":{"x":472,"y":286}}},"selection":null,"view":{"scroll":{"x":-37.0922698974609375,"y":70.5751953125},"visible_rect":{"max":{"x":1028.15869140625,"y":773.0806884765625},"min":{"x":-38.409149169921875,"y":73.080810546875}},"zoom":0.965714454650878906}}