{"nodes":{"node:1":{"location":{"x":1832,"y":520}},"node:2":{"location":{"x":733,"y":350}}},"selection":null,"view":{"scroll":{"x":416.779144287109375,"y":210.834564208984375},"visible_rect":{"max":{"x":2243.705810546875,"y":1222.4462890625},"min":{"x":555.70556640625,"y":281.11279296875}},"zoom":0.749999880790710449}}