{"nodes":{"node:1":{"location":{"x":1832,"y":520}},"node:2":{"location":{"x":1293,"y":522}}},"selection":null,"view":{"scroll":{"x":546.05499267578125,"y":99.7366943359375},"visible_rect":{"max":{"x":2416.073974609375,"y":1074.31591796875},"min":{"x":728.07354736328125,"y":132.9822998046875}},"zoom":0.749999761581420898}}